{"1c_dev=1_seq=0_2files_10mB_": {"real": {"tx": [59650095.0, 24656429.0, 55757411.0, 75180612.0, 126381919.0], "rx": [20207656.0, 11102685.0, 15801696.0, 42451289.0, 126807312.0]}, "estimate": {"tx": [50886855.0, 22406755.666666664, 48056831.666666664, 59585975.99999999], "rx": [25202561.0, 14716476.0, 20956532.0, 47686282.0]}}, "1c_dev=1_seq=0_2files_10mB__balance": {"real": {"tx": [57400268.0, 20944349.0, 54739362.0, 56006524.0, 111011760.0], "rx": [24665395.0, 788506.0, 27689281.0, 26024240.0, 111434778.0]}, "estimate": {"tx": [56118121.99999999, 20090346.0, 52267572.33333332, 52460374.66666667], "rx": [35142621.0, 0.0, 37750683.0, 35668545.0]}}, "1c_dev=2_seq=0_2files_10mB_": {"real": {"tx": [46800934.0, 48131749.0, 40094241.0, 55064073.0, 111039168.0], "rx": [17319518.0, 23497607.0, 17446666.0, 21628427.0, 111577844.0]}, "estimate": {"tx": [41983506.00000001, 45985032.333333336, 38267857.33333333, 54700032.66666667], "rx": [21009712.0, 31476716.0, 23061081.0, 33014348.0]}}, "1c_dev=2_seq=0_2files_10mB__balance": {"real": {"tx": [53035935.0, 35592675.0, 48639464.0, 51979638.0, 111013339.0], "rx": [26100290.0, 821973.0, 17113194.0, 35181992.0, 111464363.0]}, "estimate": {"tx": [49465786.666666664, 34084759.0, 49116156.333333336, 48269698.0], "rx": [33558212.0, 0.0, 26733930.0, 48269698.0]}}, "1c_dev=3_seq=0_2files_10mB_": {"real": {"tx": [56712077.0, 33502568.0, 43622446.0, 55763643.0, 110996360.0], "rx": [26311180.0, 6847201.0, 20191457.0, 26263320.0, 111454332.0]}, "estimate": {"tx": [52957543.0, 30070719.666666668, 41808137.33333333, 56100031.666666664], "rx": [33552770.0, 8383916.0, 27317184.0, 39307989.0]}}, "1c_dev=3_seq=0_2files_10mB__balance": {"real": {"tx": [51620598.0, 54758290.0, 53971716.0, 29331079.0, 111016907.0], "rx": [31972705.0, 27899669.0, 18899420.0, 894715.0, 111488103.0]}, "estimate": {"tx": [50456158.0, 50397026.66666666, 51593912.00000001, 28489315.0], "rx": [45550871.0, 37804797.0, 25206179.0, 0.0]}}, "1c_dev=4_seq=0_2files_10mB_": {"real": {"tx": [47449918.0, 33859706.0, 43495614.0, 66475196.0, 111041040.0], "rx": [21879314.0, 7439293.0, 16370756.0, 35766267.0, 111497633.0]}, "estimate": {"tx": [43866556.66666667, 30790801.999999996, 43511580.66666668, 62767460.666666664], "rx": [27254578.0, 8410591.0, 24629104.0, 48267567.0]}}, "1c_dev=4_seq=0_2files_10mB__balance": {"real": {"tx": [52353807.0, 29260812.0, 54101345.0, 54065426.0, 111040623.0], "rx": [26289593.0, 904995.0, 23292165.0, 28972439.0, 111471227.0]}, "estimate": {"tx": [51242491.66666667, 26590804.0, 51565829.0, 51537297.0], "rx": [37253405.0, 0.0, 31478718.0, 39829730.0]}}, "1c_dev=5_seq=0_2files_10mB_": {"real": {"tx": [61151040.0, 44908733.0, 30319013.0, 52652653.0, 111000273.0], "rx": [30547813.0, 14223167.0, 11299485.0, 23024156.0, 111428453.0]}, "estimate": {"tx": [59609568.666666664, 42478412.99999999, 27981374.666666668, 50867070.333333336], "rx": [43530578.0, 18875154.0, 14685017.0, 31471107.0]}}, "1c_dev=5_seq=0_2files_10mB__balance": {"real": {"tx": [50829409.0, 57555069.0, 51821567.0, 29393390.0, 111022080.0], "rx": [24655772.0, 29077594.0, 24787275.0, 882623.0, 111451730.0]}, "estimate": {"tx": [47390099.66666666, 53164296.99999999, 51891510.99999999, 28490530.666666675], "rx": [31473133.0, 39878213.0, 37210517.0, 0.0]}}, "1c_dev=6_seq=0_2files_10mB_": {"real": {"tx": [44124189.0, 44037515.0, 64684726.0, 36466757.0, 111019963.0], "rx": [18741406.0, 15783852.0, 34708212.0, 10072627.0, 111487439.0]}, "estimate": {"tx": [43537467.333333336, 41784802.00000001, 62054357.00000001, 33559803.666666664], "rx": [26761431.0, 20983485.0, 48239453.0, 12577489.0]}}, "1c_dev=6_seq=0_2files_10mB__balance": {"real": {"tx": [34847588.0, 51000975.0, 53363977.0, 50996790.0, 111042135.0], "rx": [7076261.0, 19046808.0, 32317801.0, 21691906.0, 111519296.0]}, "estimate": {"tx": [30780173.666666668, 48072761.999999985, 53296058.66666667, 48787444.0], "rx": [6299852.0, 25171195.0, 47698993.0, 29391823.0]}}, "1c_dev=7_seq=0_2files_10mB_": {"real": {"tx": [50824019.0, 55706567.0, 44209842.0, 38257044.0, 110997011.0], "rx": [26099721.0, 24504722.0, 12794959.0, 15611333.0, 111439970.0]}, "estimate": {"tx": [49839598.99999999, 52959343.33333333, 42478067.333333336, 35659408.66666666], "rx": [37255445.0, 33557265.0, 16791436.0, 20957705.0]}}, "1c_dev=7_seq=0_2files_10mB__balance": {"real": {"tx": [50138820.0, 55864416.0, 47898457.0, 35619353.0, 110989968.0], "rx": [18897377.0, 24520669.0, 27559153.0, 8539203.0, 111461142.0]}, "estimate": {"tx": [49113529.33333333, 51746594.66666666, 45985869.33333333, 34090468.333333336], "rx": [26731809.0, 33554293.0, 37778283.0, 10497492.0]}}, "1c_dev=8_seq=0_2files_10mB_": {"real": {"tx": [55974913.0, 61879887.0, 25079533.0, 46519717.0, 111010854.0], "rx": [27722130.0, 28986000.0, 1027597.0, 21620522.0, 111451128.0]}, "estimate": {"tx": [51049666.33333334, 58551405.666666664, 24310872.333333332, 47024467.33333333], "rx": [35666130.0, 39849050.0, 2014.0, 33044653.0]}}, "1c_dev=8_seq=0_2files_10mB__balance": {"real": {"tx": [49309568.0, 50241381.0, 40222151.0, 50419421.0, 111004671.0], "rx": [24603487.0, 18806523.0, 12823953.0, 23853389.0, 111412311.0]}, "estimate": {"tx": [48412179.0, 47390503.666666664, 38286369.00000001, 46847365.00000001], "rx": [35114879.0, 25202074.0, 16790834.0, 31454063.0]}}, "1c_dev=9_seq=0_2files_10mB_": {"real": {"tx": [36391516.0, 51380314.0, 42079926.0, 59170507.0, 110995812.0], "rx": [12556107.0, 23126659.0, 12852866.0, 30524430.0, 111442997.0]}, "estimate": {"tx": [34099939.33333333, 51236869.0, 39160644.666666664, 56438960.33333334], "rx": [14687385.0, 35147144.0, 16789705.0, 41937614.0]}}, "1c_dev=9_seq=0_2files_10mB__balance": {"real": {"tx": [50173305.0, 49520537.0, 44928767.0, 44924343.0, 110999346.0], "rx": [17306356.0, 26288412.0, 20181979.0, 15695801.0, 111465019.0]}, "estimate": {"tx": [45462695.666666664, 46681871.66666666, 43188482.99999999, 45603396.33333333], "rx": [20982964.0, 35669814.0, 27280374.0, 24628716.0]}}}