{"1c_dev=1_seq=0_2files_500mB_": {"real": "Error: The length of tx_0 and tx_1 are not equal!", "estimate": {"tx": [3765291276.6666665, 4545775844.333333, 4441446731.333334, 4735210055.999999], "rx": [2055132480.0, 2897200001.0, 2633016404.0, 2907285460.0]}}, "1c_dev=1_seq=0_2files_500mB__balance": {"real": "Error: The length of tx_0 and tx_1 are not equal!", "estimate": {"tx": [5128169406.666666, 2271679495.0000005, 4981061384.333333, 5106813645.666667], "rx": [3643456250.0, 0.0, 3335028488.0, 3514149621.0]}}, "1c_dev=1_seq=1_2files_500mB_": {"real": {"tx": [2402598878.0, 2177865526.0, 2442190101.0, 5509697042.0], "rx": [788957083.0, 1088477208.0, 1033289657.0, 5511126588.0]}, "estimate": {"tx": [4209453933.9999995, 4486096779.666666, 4137546138.3333335, 4654627049.666666], "rx": [2267609500.0, 2137283009.0, 3092336665.0, 2995405167.0]}}, "1c_dev=1_seq=1_2files_500mB__balance": {"real": "Error: The length of tx_0 and tx_1 are not equal!", "estimate": {"tx": [2496888620.0, 5017212393.333333, 4974032976.333333, 4999589908.666666], "rx": [0.0, 3253753598.0, 3964380793.0, 3274499948.0]}}, "1c_dev=1_seq=2_2files_500mB_": {"real": {"tx": [1759177440.0, 2603655663.0, 2691290484.0, 2133306806.0, 5509759882.0], "rx": [734368628.0, 1041139168.0, 1150132148.0, 767986443.0, 5511109365.0]}, "estimate": {"tx": [3257498190.3333335, 4990189066.333333, 5100145357.666666, 4139891277.3333335], "rx": [1978623577.0, 3043417357.0, 3232752548.0, 2237840853.0]}}, "1c_dev=1_seq=2_2files_500mB__balance": {"real": {"tx": [2686775479.0, 2517010070.0, 2447136942.0, 1536186130.0, 5509553601.0], "rx": [1173459405.0, 1381026333.0, 1134974213.0, 4091555.0, 5510937007.0]}, "estimate": {"tx": [4968835975.0, 4843411952.666666, 4746611847.0, 2928864160.3333325], "rx": [3177442620.0, 3994552029.0, 3320639712.0, 0.0]}}, "1c_dev=2_seq=0_2files_500mB_": {"real": {"tx": [2259972329.0, 2337578252.0, 2488515153.0, 5509942896.0], "rx": [896004111.0, 848845190.0, 1122099271.0, 5511312242.0]}, "estimate": {"tx": [3947066013.333333, 4326038415.666666, 4368218391.0, 4846401065.0], "rx": [2324214352.0, 2552722497.0, 2311850998.0, 3303846484.0]}}, "1c_dev=2_seq=0_2files_500mB__balance": {"real": {"tx": [2529960072.0, 1421532832.0, 2719403380.0, 2518961220.0, 5510147183.0], "rx": [1013392080.0, 3776975.0, 1420289992.0, 1255822233.0, 5511046385.0]}, "estimate": {"tx": [4865187796.0, 2719566649.6666665, 5034627746.0, 4868341673.333334], "rx": [2927648934.0, 0.0, 3901989753.0, 3662995632.0]}}, "1c_dev=2_seq=1_2files_500mB_": {"real": {"tx": [1646645407.0, 2302219162.0, 2468081137.0, 5509799771.0], "rx": [423469145.0, 877388110.0, 1073713161.0, 5510760756.0]}, "estimate": {"tx": [5154961509.0, 3094257803.333334, 4530374632.666666, 4708129963.333332], "rx": [3571926712.0, 1250697763.0, 2670401692.0, 2999608178.0]}}, "1c_dev=2_seq=1_2files_500mB__balance": {"real": "Error: The length of tx_0 and tx_1 are not equal!", "estimate": {"tx": [3007482851.666667, 4817925204.333334, 4896482402.666666, 4765833433.0], "rx": [0.0, 2821076605.0, 4400773289.0, 3270784441.0]}}, "1c_dev=2_seq=2_2files_500mB_": {"real": "Error: The length of tx_0 and tx_1 are not equal!", "estimate": {"tx": [4426351268.666666, 4869524233.000001, 4541614221.0, 3650234158.9999995], "rx": [2374247058.0, 3314381951.0, 2930673578.0, 1873331742.0]}}, "1c_dev=2_seq=2_2files_500mB__balance": {"real": "Error: The length of tx_0 and tx_1 are not equal!", "estimate": {"tx": [2554189072.3333335, 4933311290.0, 5007015954.333334, 4993207555.0], "rx": [0.0, 3177270135.0, 3666562811.0, 3648801377.0]}}, "1c_dev=3_seq=0_2files_500mB_": {"real": "Error: The length of tx_0 and tx_1 are not equal!", "estimate": {"tx": [4307609808.333334, 3855923234.0, 4954515871.666666, 4369674977.666666], "rx": [2670860317.0, 1911285475.0, 3127431026.0, 2783057517.0]}}, "1c_dev=3_seq=0_2files_500mB__balance": {"real": "Error: The length of tx_0 and tx_1 are not equal!", "estimate": {"tx": [4815670591.999999, 4993644092.333333, 4793613527.333334, 2884795743.333333], "rx": [3641608742.0, 3261570638.0, 3589454993.0, 0.0]}}, "1c_dev=3_seq=1_2files_500mB_": {"real": {"tx": [2135589958.0, 2423280045.0, 2408362593.0, 2226005586.0, 5510179977.0], "rx": [768928510.0, 1057022361.0, 972773591.0, 899108517.0, 5511000776.0]}, "estimate": {"tx": [4103080516.3333335, 4607299795.333334, 4555472117.0, 4221871509.6666665], "rx": [2219284371.0, 2972592336.0, 2739706310.0, 2561051346.0]}}, "1c_dev=3_seq=1_2files_500mB__balance": {"real": {"tx": [1616994048.0, 2499692155.0, 2489371770.0, 5510248431.0], "rx": [4157383.0, 901580684.0, 1478274569.0, 5511302068.0]}, "estimate": {"tx": [4851549283.333333, 3044456598.3333335, 4773847755.666667, 4817870210.999999], "rx": [3630570340.0, 0.0, 2574082890.0, 4287981079.0]}}, "1c_dev=3_seq=2_2files_500mB_": {"real": {"tx": [2301788302.0, 2208563205.0, 2402522095.0, 2277857566.0, 5509969507.0], "rx": [1028553317.0, 918205011.0, 943857253.0, 805402712.0, 5510801306.0]}, "estimate": {"tx": [4429949376.333334, 4280749959.666667, 4444011758.666667, 4333012783.666667], "rx": [3002063209.0, 2655548996.0, 2570767247.0, 2264254875.0]}}, "1c_dev=3_seq=2_2files_500mB__balance": {"real": "Error: The length of tx_0 and tx_1 are not equal!", "estimate": {"tx": [2809317453.6666665, 4782023056.666666, 5018165107.0, 4878218297.666668], "rx": [0.0, 3693857682.0, 3546965758.0, 3251810909.0]}}, "1c_dev=4_seq=0_2files_500mB_": {"real": "Error: The length of tx_0 and tx_1 are not equal!", "estimate": {"tx": [4395408028.666666, 5122276829.999999, 4199007744.000001, 3771031335.6666665], "rx": [2715580961.0, 3772238779.0, 2320472817.0, 1684341806.0]}}, "1c_dev=4_seq=0_2files_500mB__balance": {"real": {"tx": [1336621794.0, 2548188168.0, 2761225566.0, 5510432731.0], "rx": [3631973.0, 1028721431.0, 1512466390.0, 5510549751.0]}, "estimate": {"tx": [4947613551.333333, 2517794053.0000005, 5036261304.333334, 4986054983.0], "rx": [3308546317.0, 0.0, 3191069254.0, 3993018764.0]}}, "1c_dev=4_seq=1_2files_500mB_": {"real": "Error: The length of tx_0 and tx_1 are not equal!", "estimate": {"tx": [4251511069.333333, 4104401550.3333335, 5200524150.666666, 3931287124.666667], "rx": [2269254998.0, 2944883419.0, 3333706265.0, 1944789655.0]}}, "1c_dev=4_seq=1_2files_500mB__balance": {"real": "Error: The length of tx_0 and tx_1 are not equal!", "estimate": {"tx": [4948072724.666667, 2722847223.9999995, 4833438397.333333, 4983365539.0], "rx": [3941757112.0, 0.0, 2917848928.0, 3633028291.0]}}, "1c_dev=4_seq=2_2files_500mB_": {"real": "Error: The length of tx_0 and tx_1 are not equal!", "estimate": {"tx": [4066218522.666667, 4213661527.6666665, 4743856446.333333, 4463987431.666667], "rx": [2683268765.0, 2254843209.0, 3253133641.0, 2301388742.0]}}, "1c_dev=4_seq=2_2files_500mB__balance": {"real": "Error: The length of tx_0 and tx_1 are not equal!", "estimate": {"tx": [4947998790.333333, 2567800931.333333, 4944206108.0, 5027718062.0], "rx": [3282523207.0, 0.0, 3272274209.0, 3937836919.0]}}, "1c_dev=5_seq=0_2files_500mB_": {"real": "Error: The length of tx_0 and tx_1 are not equal!", "estimate": {"tx": [4815229202.999999, 4631379241.666666, 3942141782.6666675, 4098973681.0], "rx": [3493129749.0, 2254521410.0, 1952760614.0, 2792222572.0]}}, "1c_dev=5_seq=0_2files_500mB__balance": {"real": "Error: The length of tx_0 and tx_1 are not equal!", "estimate": {"tx": [4939537138.666667, 4692371480.0, 3043738123.666667, 4812077142.666666], "rx": [3158695215.0, 3692497489.0, 0.0, 3641441627.0]}}, "1c_dev=5_seq=1_2files_500mB_": {"real": {"tx": [2472569538.0, 2288291215.0, 2153993885.0, 2276453339.0, 5509835260.0], "rx": [1201979982.0, 1038362870.0, 788887442.0, 667186766.0, 5510983414.0]}, "estimate": {"tx": [4655420258.333332, 4417023223.333334, 4105397062.9999995, 4309883377.0], "rx": [3372686809.0, 2975615873.0, 2250228461.0, 1894103210.0]}}, "1c_dev=5_seq=1_2files_500mB__balance": {"real": "Error: The length of tx_0 and tx_1 are not equal!",